run_name,n_params,n_tokens,flops,val_loss,device,context_length,batch_size,max_steps,seed
run_small_debug,1833728,406400,4471362355200,5.656312346458435,cuda,128,16,200,42
model_1m_tok_2000000,1833728,1999488,21999102787584,4.375685214996338,cuda,128,16,984,42
model_1m_tok_10000000,1833728,9999472,110017870749696,3.1986064434051515,cuda,128,16,4921,42
model_1m_tok_50000000,1833728,49999392,550111710560256,2.550479972362518,cuda,128,16,24606,42
